"ID","Fair_ID","Language","Description"
"2","1","DE","St. Simeon & St. Judas"
"4","2","DE","Inventio Crucis (for wool and cloth)"
"6","3","DE","Sacramentum"
"8","4","DE","Himmelfahrt"
"10","5","DE","Sunday and Monday after the birth of St Mary. Mentioned by the town chronicler in 1465 to have been the new fair among the three fairs in the town"
"16","8","DE","St. Victor"
"18","9","DE","St. Walburgis"
"20","10","DE","Erster Montag in September"
"100","76","DE","Jahrmarkt am St. Veitstag"
"102","78","DE","Margarethenmarkt"
"104","80","DE","Siebentägiger Jakobimarkt"
"106","82","DE","Siebentägiger Jahrmarkt am zweiten Sonntag nach Ostern"
"108","84","DE","Jahrmarkt in den acht Tagen nach der Kirchweihe (Geburt Marias), der möglich auf das Marktprivileg aus 1181 zurück geht. Für den Besuch des Marktes wurde eine Standgebühr entrichtet, die vor 1565 dem Propst des Klosters, nach 1565 dem Grafen, und ab 1615 der Stadt zukam. Um 1565 wurde der Zeitraum des Marktes vorübergehend auf 3 Tage beschränkt."
"110","86","DE","Siebentägiger Jahrmarkt am Montag vor Michaelis, vor 1462 gegründet."
"112","88","DE","Jahrmarkt am Montag nach Oculi, mit Marktfreiheit drei Tage vor- und nachher."
"114","90","DE","Jahrmarkt am Montag nach Exaudi, mit Marktfreiheit drei Tage vor- und nachher."
"116","92","DE","Jahrmarkt am Petri Stuhlfeier"
"118","94","DE","Jahrmarkt am Sonntag Cantate"
"120","96","DE","Jahrmarkt an St. Simon und Judas"
"122","98","DE","Jahrmarkt zu Mariä Himmelfahrt (Kirchweihfest), der möglicherweise bis um 1220 zurückgeht. Geleitbriefe wurden um 1300 ausgestellt für die vier Tage vor und nach dem Feiertag. Um 1577 verlegt zu einem Gelände außerhalb der Stadt, wegen Pestseuchen und Platzmangel. Der Markt ist seitdem bekannt als ""Stoppelmarkt"", entweder weil er auf den Stoppeln der Felder gehalten wurde, oder als Korruption von ""Stapelmarkt""."
"124","100","DE","1306 ist von einem Gallusmarkt die Rede, für den bis 1345 Geleitsbriefe vorliegen. Einer Amtsrechnung von 1613 zufolge fand dieser am Sonntag und Montag nach St. Dionysius statt."
"126","102","DE","Markt am Sonntag vor Mitfasten"
"128","104","DE","Markt am Sonntag vor Simon und Judas"
"132","108","DE","Jahrmarkt zu Mariä Geburt und St. Gorgonius, 1528 aufgehoben."
"134","112","DE","Jahrmarkt am St. Martini."
"136","114","DE","Jahrmarkt zu Mariä Reinigung, 1528 aufgehoben."
"138","116","DE","Der Martinimarkt wurde 1528 auf acht Tage vor St. Martini festgelegt."
"140","118","DE","Jahrmarkt an acht Tagen nach St. Walpurgis."
"142","120","DE","Jahrmarkt am Montag nach Reminiscere."
"144","122","DE","Jahrmarkt am Montag nach Johannis Baptiste."
"146","124","DE","Jahrmarkt am Montag nach Laurentii."
"148","126","DE","Neujahrsmarkt"
"150","128","DE","Walpurgismarkt"
"152","130","DE","Ägidiusmarkt"
"154","132","DE","Jahrmarkt am Kirchweihtag der Paulinerkirche (Sonntag Jubilate)"
"156","134","DE","Jahrmarkt am Kirchweihtag der Franziskanerkirche (Sonntag Rogate)."
"158","136","DE","Jahrmarkt am Johannistag."
"160","138","DE","Der Neujahrsmarkt, vorher schon auf einen Termin vor Weihnachten verschoben, wurde im Marktprivileg Kaiser Maximilians 1505 auf den Tag nach Mariä Empfängnis verlegt, die Dauer auf 10 Tage erweitert."
"162","140","DE","Der Walpurgismarkt wurde im Marktprivileg Kaiser Maximilians 1505 auf Freitag nach Himmelfahrt verlegt, die Dauer auf 10 Tage erweitert."
"164","142","DE","1521 wurde der Ägidiusmarkt zu einer Messe von 6 Tagen erweitert."
"166","144","DE","Der Jahrmarkt auf dem Tag nach Mariä Empfängnis, vorher Neujahrsmarkt, wurde 1521 auf 6 Tage beschränkt."
"168","146","DE","Der Jahrmarkt nach Himmelfahrt, vorher Walpurgismarkt, wurde 1521 in die zweite Woche nach Ostern verschoben, seine Dauer auf 6 Tage beschränkt."
"170","148","DE","Dreitägiger Jahrmarkt am Sonntag vor Walpurgis."
"172","150","DE","Dreitägiger Jahrmarkt an St. Mauritius."
"174","152","DE","Dreitägiger Jahrmarkt am Sonntag vor St. Martin."
"176","154","DE","Der Mauritiusjahrmarkt wurde 1412 auf Sonntag nach Mariä Himmelfahrt verlegt."
"178","156","DE","Jahrmarkt am St. Nikolaus und der Tag nachher, 1501 erwähnt ""na older wonheit""."
"180","158","DE","Jahrmarkt am Sonntag Laetare und der Tag nachher, 1501 erwähnt ""na older wonheit""."
"182","160","DE","Jahrmarkt am St. Vitus (falls an einem Sonntag: am nächsten Montag)"
"184","162","DE","Jahrmarkt am Donnerstag vor St. Gallus "
"186","164","DE","1456 verkündete der Goslarer Rat, dass in Alfeld am Sonntag vor Allerheiligen ein Jahrmarkt abgehalten werden sollte."
"188","166","DE","Montag nach Invocavit."
"190","168","DE","Montag nach Oculi."
"192","170","DE","Montag nach dem Siebenbrüdertag."
"194","172","DE","Jahrmarkt am St. Dionysius."
"198","176","DE","Herzog Otto gründete 1380 einen Jahrmarkt von Mittwoch in der Pfingstwoche bis zum Tag vor Fronleichnam. 1399 ist von dem Trinitatismarkt die Rede."
"200","178","DE","St. Jacobus"
"202","180","DE","St. Simon und Judas Thaddäus"
"204","182","DE","Markt an St. Gallus, eingerichtet von Bischof Reinhard."
"206","184","DE","Neujahrsmarkt in Halle;"
"208","186","DE","Mariä Geburt"
"210","188","DE","1445 wird ein Jahrmarkt zu St. Egidius erwähnt."
"212","190","DE","Jahrmarkt an St. Simon und Judas Thaddäus der 1444 durch einen Walpurgismarkt ersetzt wurde."
"214","192","DE","Jahrmarkt am Gründonnerstag, erwähnt 1399. Er muss vor 1444 verschwunden sein, da in dem Jahr erwähnt wird, dass in Hannover kein Freimarkt stattfand außer am Walpurgistag."
"216","194","DE","Jahrmarkt am St. Jacobus, erwähnt 1399. Er muss vor 1444 verschwunden sein, da in dem Jahr erwähnt wird, dass in Hannover kein Freimarkt stattfand außer am Walpurgistag."
"218","196","DE","Jahrmarkt am Mariä Verkündigung. Die Standgebühren in den Stadtrechnungen ab 1379 zeigen dass er von den Märkten in Hildesheim am besten besucht wurde, wurde aber 1460 von neuen Jahrmärkten ersetzt."
"220","198","DE","Jahrmarkt am Mariä Himmelfahrt."
"222","200","DE","Jahrmarkt am St. Michael."
"224","202","DE","Die Innung der Krämer 1310 erwähnt einen Jahrmarkt am St. Godehard."
"226","204","DE","Michaelismarkt"
"228","206","DE","Die Herrenmesse wird namentlich erstmals 1010 erwähnt. Die erste ukrundliche Erwähnung fällt in das Jahr 1179, wobei eine Verbindung mit einem Jahrmarkt schon früher anzusetzen ist. Im Beginn der 1460er Jahre kam es zum Streit um den Jahrmarkt zwischen der Stadt und dem Stadtherren, worauf 1463 entschieden wurde, den Markt vom Tag nach Mauritius bis St. Michael zu organisieren."
"230","208","DE","Dreitägiger Jahrmarkt am Sonntag nach St. Johannis"
"232","210","DE","Dreitägiger Jahrmarkt am Sonntag nach St. Bartholomäus"
"234","212","DE","Dreitägiger Jahrmarkt am Sonntag nach St. Andreas"
"236","214","DE","St. Dionysius."
"238","216","DE","Sonntag vor Pfingsten (Neustadt)"
"240","218","DE","Freimarkt am Sonntag Laetare (Mittfasten)"
"242","220","DE","Freimarkt am Johannistag"
"244","222","DE","Sonntag Invocavit"
"246","224","DE","Pfingsten"
"248","226","DE","Mariä Geburt"
"250","228","DE","Nikolaus"
"252","230","DE","1448 wurden zwei neue dreitägige Jahrmärkte eingerichtet, einer davon am Mittwoch nach Mariä Himmelfahrt. In der Folgezeit werden die Märkte allerdings nicht mehr erwähnt."
"254","232","DE","1448 wurden zwei neue dreitägige Jahrmärkte eingerichtet, einer davon am Montag nach Misericordia. In der Folgezeit werden die Märkte allerdings nicht mehr erwähnt."
"256","234","DE","1458 verlieh Kurfürst Friedrich das Recht, einen weiteren einwöchigen Jahrmarkt von Neujahr bis dem Tag nach Dreikönige zu organisieren. Dies führte zu Konflikten mit Halle und Magdeburg. 1497 von Maximilian I. (zu diesem Zeitpunkt noch nicht Kaiser!) bestätigt, inklusive dreiwöchiger Geleitszusage, 1507 erweitert mit einer Bannmeile von 15 Meilen und Stapelrecht."
"258","236","DE","Die Errichtung eines Neujahrsmarktes in Leipzig führte zu Streit mit Halle. Nach etlichen Bestätigungen und Widerrufen der Leipziger und Haller Neujahresmärkte (sogar ein Verbot des Haller Neujahrsmarktes 1468) wurde 1470 beschlossen, den Haller Neujahrsmarkt nach Beendigung des Leipziger Marktes zu organisieren."
"260","238","DE","Von den alten Jahrmärkten blieb nach 1460 nur der Michaelismarkt bestehen und wurde auf 6 Tage verlängert."
"262","240","DE","Jahrmarkt an 6 Tagen um Sonntag Misericordia, 1460 eingerichtet."
"264","242","DE","Der Termin des Misericordia-Marktes wurde 1476 leicht geändert zu der ganzen Woche nach Sonntag Misericordia."
"266","244","DE","1497 wurden zwei neue Jahrmärkte eingerichtet, einer davon von Montag bis Mittwoch nach Fronleichnam. Der Besuch dieses Marktes wurde 1499 vom Herzog von Sachsen wegen Konkurrenz mit Leipzig verboten."
"268","246","DE","1497 wurden zwei neue Jahrmärkte eingerichtet, einer davon von Montag bis Mittwoch nach Septuagesima. Der Besuch dieses Marktes wurde 1499 vom Herzog von Sachsen wegen Konkurrenz mit Leipzig verboten."
"270","248","DE","Vierwöchiger Frühjahrsmarkt nach Misericordia Domini bis Pfingsten, gewährt durch König Ludwig den Bayern 1331."
"272","250","DE","Dreiwöchiger Dreifaltigkeitsmarkt, vom Kaiser Friedrich IV. 1473 verliehen."
"274","252","DE","Der Frühjahrsmarkt wurde 1497 vom Kaiser Maximilian auf Pfingsten verlegt und auf zwei Wochen beschränkt."
"276","254","DE","Der Dreifaltigkeitsmarkt wurde 1497 vom Kaiser Maximilian auf St. Martin verlegt und auf zwei Wochen beschränkt."
"278","256","DE","Fastenmesse, 1330 von Kaiser Ludwig dem Bayer priviligiert und von achttägigen Geleitschutz vor und nach der Messe versehen. 1349 ist noch von einem ungenauen Termin von 14 Tagen um Mittfasten die Rede, 1366 wird es genauer von Sonntag Oculi bis Judica definiert."
"280","258","DE","Frauenmesse (Herbstmesse) von Mariä Himmelfahrt bis Mariä Geburt."
"282","260","DE","Herbstjahrmarkt, der im Privileg vom Jahre 1035 auf den sieben Tagen vor St. Willehad (8.11.) festgelegt wurde, 1288 auf Mariä Geburt. Das Privileg für die Kramer von 1339 erwähnt die acht Tage ab Mariä Geburt."
"284","262","DE","1035 wurde ein Jahrmarkt an den sieben Tagen vor Pfingsten priviligiert. Das Privileg für die Kramer von 1339 erwähnt die acht Tage ab Pfingsten."
"286","264","DE","Als Beginn des achttägigen Frühjahrsmarktes wurde 1382 Sonntag nach Fronleichnam erwähnt. 1638 wurde dieser Markt durch zwei neue ersetzt."
"288","266","DE","Der Herbstjahrmarkt wurde 1382 in der Woche nach St. Dionysius erwähnt."
"290","268","DE","Ulrichsmarkt, dessen Bedeutung im 15. Jh. allmählich zurückgegangen sein wird; 1507 wird er neu priviligiert als dreitägiger Markt."
"292","270","DE","Jahrmarkt am St. Simon und Juda, im Laufe des 15. Jhs. wahrscheinlich verschwunden."
"294","272","DE","Jahrmarkt am St Georg, 1529 wieder verschwunden."
"296","276","DE","Acht Tage vor Mitfasten"
"298","278","DE","Acht Tage nach Michaelis"
"300","280","DE","Jahrmarkt am Ilientag, erstmals 1497 erwähnt"
"302","282","DE","Pfingstmarkt"
"304","284","DE","Jahrmarkt am Johannistag. Der Markt scheint keine große Rolle gespielt zu haben, möglich wegen Konkurrenz mit dem Johannismarkt im nah gelegenen Landegge."
"306","286","DE","Achttägiger Jahrmarkt am Ilientag"
"308","288","DE","Achttägiger Jahrmarkt am Fest der Elftausend Jungfrauen."
"310","290","DE","Jahrmarkt am Donnerstag vor St. Johannis."
"314","294","DE","Jahrmarkt an Mariä Himmelfahrt in der Neustadt."
"316","296","DE","Jahrmarkt am St. Vitus in der Neustadt. Anschließend fand ein wahrscheinlich achttägiger Pferdemarkt statt."
"318","298","DE","Jahrmarkt an St. Felicianus in der Altstadt, keine Gründung bekannt, aber geht möglich ins 11. Jh. zurück. Anschließend fand ein wahrscheinlich achttägiger Pferdemarkt statt."
"320","300","DE","Dreiwochige Pfingstmesse, durch Kaiser Karl IV. 1365 gegründet, die zu großem Widerstand führte. Fünf Jahre nach dem Tode des Kaisers wurde der Markt eingestellt."
"322","302","DE","Achttägiger Pferdemarkt am Sonntag nach Fasten."
"324","304","DE","Viertägiger Pferdemarkt drei Wochen vor Sonntag Estomihi."
"326","306","DE","Viertägiger Pferdemarkt am Sonntag Oculi."
"328","308","DE","Viertägiger Pferdemarkt am Palmsonntag."
"330","310","DE","Viertägiger Pferdemarkt am Tag aller Apostel."
"332","312","DE","Der Vitusjahrmarkt wurde 1619 mit einem Viehmarkt auf 3 Tage ausgedehnt."
"334","314","DE","Der Gallusjahrmarkt wurde 1619 mit einem Viehmarkt auf 3 Tage ausgedehnt."
"336","316","DE","Der Misericordia-Jahrmarkt muss zwischen 1488 und 1523 auf drei Tage verkürzt worden sein."
"338","318","DE","Der Michaelismarkt wurde zwischen 1488 und 1532 auf drei Tage verkürzt."
"340","320","DE","Der Jahrmarkt am Mariä Verkündigung wurde zwischen 1488 und 1523 als dreitägiger Markt wiederbelebt."
"342","322","DE","Ein dreitägiger Jahrmarkt am Mittwoch in der Pfingstwoche wurde zwischen 1488 und 1523 neu eingerichtet."
"344","324","DE","Der Jahrmarkt vom Sonntag Jubilate bis Cantate war ein der zwei ältesten Jahrmärkte der Stadt und geht womöglich auf die Stadtgründung 1170 zurück. Im 15. Jh. wuchs er zu internationaler Bedeutung. 1497 von Maximilian I. (zu diesem Zeitpunkt noch nicht Kaiser!) bestätigt, inklusive dreiwöchiger Geleitszusage, 1507 erweitert mit einer Bannmeile von 15 Meilen und Stapelrecht."
"346","326","DE","Der achttägige Jahrmarkt am Sonntag nach Michaelis war ein der zwei ältesten Jahrmärkte der Stadt und geht womöglich auf die Stadtgründung 1170 zurück (an anderer Stelle heißt es, er wurde von Zeitz nach Leipzig verlegt). Im 15. Jh. wuchs er zu internationaler Bedeutung. 1497 von Maximilian I. (zu diesem Zeitpunkt noch nicht Kaiser!) bestätigt, inklusive dreiwöchiger Geleitszusage, 1507 erweitert mit einer Bannmeile von 15 Meilen und Stapelrecht."
"348","328","DE","Die Fastenmesse, deren Termin immer wieder überschritten wurde, wurde 1384 um zwei Wochen verlängert. 10 Jahre später wurde diese Verlängerung aber wieder zurückgenommen."
"350","330","DE","Die Herbstmesse wurde 1384 um zwei Wochen verlängert. 10 Jahre später wurde diese Verlängerung aber wieder zurückgenommen."
"352","332","DE","1394 wurde festgelegt dass die Fastenmesse am Freitag vor Palmsonntag enden sollte."
"354","334","DE","1394 wurde festgelegt dass die Herbstmesse nicht länger als acht Tage über Mariä Geburt hinaus dauern sollte."
"356","336","DE","Der Frankfurter Rat bestimmte 1399 in Absprache mit den Kaufleuten, dass der alte Zustand der Herbstmesse, also vom Mariä Himmelfahrt bis Mariä Geburt, wieder hergestellt werden sollte."
"358","338","DE","1479 bestimmte der Frankfurter Rat nach häufiger Vernachlässigung der bisherigen Termine, dass die Fastenmesse nicht langer als bis zum Dienstag vor Ostern dauern sollte, und gewährte eine viertägige Vor- und Nachmessezeit. Diese Zeit wurde wahrscheinlich schon um die Mitte des 14. Jhs. gängig als Messetermin."
"360","340","DE","Trotz regelmäßiger Mahnungen des Frankfurter Rates die 1476 festgelegten Termine für die Fastenmesse zu beachten, wurde die Messe meistens später organisiert. So fing sie 1502 erst am Palmsonntag an und endete 14 Tage nach Ostern. Im 16. und 17. Jh. wurde sie aber in der Regel zwischen dem Sonntag Judica und dem Osterdienstag gehalten."
"362","342","DE","Jahrmarkt am Sonntag nach Estomihi"
"364","344","DE","Jahrmarkt am Tag der 11.000 Jungfrauen."
"366","346","DE","Jahrmarkt am St Dionysius"
"368","348","DE","Der Vieh-, Pferde- und Warenmarkt, vier Tage vor Dionysius, wurde 1601 gegründet vom Delmenhorster Grafen. Der Besuch wurde daraufhin von seinem Bruder, dem Oldenburger Grafen, für seine Untertanen verboten. Der Markt scheint später eingegangen zu sein, weil er 1653 wieder belebt wurde."
"370","350","DE","Quasimodogeniti"
"372","352","DE","Michaelistag"
"374","354","DE","Jahrmarkt am Sonntag Jubilate."
"376","356","DE","Jahrmarkt am Fest der 11000 Jungfrauen."
"378","358","DE","Die viertägige ""Herrenmesse"" am Fest der Heiligen St. Crispin und Crispinian, zugleich Domkirchweih, geht möglich auf das Osnabrücker Marktrecht vom Jahre 1002 zurück."
"380","360","DE","Der viertägige Jahrmarkt am Mittfasten geht möglich auf das Osnabrücker Marktrecht vom Jahre 1002 zurück."
"382","362","DE","Der viertägige sogenannte ""Neue Markt"" am Fest der Kreuzerhöhung, wurde ab 1190 erwähnt und zwischen 1471 und 1491 eingestellt."
"388","368","DE","Achttägiger Jahrmarkt am Sonntag Laetare"
"392","372","DE","Michaelismarkt"
"394","376","DE","Viehmarkt am Mittwoch vor dem 1. Mai"
"396","378","DE","Viehmarkt am Mittwoch vor Pfingsten"
"398","380","DE","Pfingstmarkt"
"400","382","DE","Markt am Johannistag"
"402","384","DE","Markt am Mariä Geburt"
"408","390","NL","Jaarmarkt na Maria-Geboorte"
"410","392","NL","Jaarmarkt op de octaaf van Driekoningen."
"412","394","DE","Gallimarkt, 1508 eingerichtet"
"414","396","DE","Der Kreuzmarkt wurde 1528 eingerichtet. Hier wurde neben Butter und Käse hauptsächlich Flachs aus dem Umland verhandelt."
"416","398","DE","1508 wurde ein Markt am St. Bartholomäus eingerichtet."
"418","400","DE","""Stille"" Markt am Mittfasten"
"420","402","DE","Ein Jahrmarkt in Gesmold wird 1580 erwähnt, 1599 spezifiziert als Kram- und Viehmarkt am Montag nach Kreuzerhöhung."
"426","408","DE","Der Herbstjahrmarkt an Dionysius wurde 1638 auf 9 Tage verlängert"
"428","410","DE","Dreitägiger Jahrmarkt am Quasimodogeniti, der 1638 der Pfingstjahrmarkt ersetzte."
"430","412","DE","Dreitägiger Jahrmarkt am Himmelfahrtstag, der 1638 den Pfingstjahrmarkt ersetzte."
"432","414","DE","Pferdemarkt am Mittwoch nach Invocavit."
"434","416","DE","Pferdemarkt am Tag nach Johannis Baptistae."
"436","418","DE","Pferdemarkt am Tag nach der Teilung der 12 Aposteln."
"438","420","DE","Jahrmarkt für Folen, zwei Tage nach Mauritii."
"444","426","DE","Jahrmarkt am Bonifatius, um 1350 erstmals erwähnt. 1556 wurde er durch zwei neue Jahrmärkte ersetzt."
"446","428","DE","Jahrmarkt am Michaelis, um 1350 erstmals erwähnt."
"448","430","DE","Jahrmarkt ""tho der hoighen kerkemisse"" (Allerheiligen), erstmals um 1350 erwähnt."
"450","432","DE","Der Jahrmarkt am Michaelis wird 1556 am Montag nach Michaelis erwähnt."
"452","434","DE","Der Jahrmarkt an Allerheiligen wird 1556 am Montag nach Allerheiligen erwähnt."
"454","436","DE","Jahrmarkt am Montag nach Letare, erstmals 1556 erwähnt."
"456","438","DE","Jahrmarkt am zweiten Montag nach Trinitatis, erstmals 1556 erwähnt."
"458","440","DE","Jahrmarkt am Himmelfahrtstag."
"460","442","DE","Jahrmarkt am Matthäi, 1565 gegründet."
"462","444","DE","Jahrmarkt am Fest der Zehntausend Märtyrer, 1565 gegründet."
"464","446","DE","Jahrmarkt am Patronatsfest der Geburt Johannes des Täufers, entstanden im 14. Jh."
"466","448","DE","Jahrmarkt am Kirchweihfest am Tag der Kreuzerhöhung, entstanden im 14. Jh."
"468","450","DE","1497 wird der Jahrmarkt in Meppen, vorher am Michaelistag, an St. Simon und Judas erwähnt."
"472","454","DE","Viehmarkt am Tag nach St. Georg"
"474","456","DE","Viehmarkt auf St. Viktors Abend"
"476","458","DE","Jahrmarkt an drei Tagen vor und nach dem Tag unserer Frauen. 1557 wurde er durch einen neuen Markt ersetzt."
"478","460","DE","Jahrmarkt an drei Tagen vor und nach St. Dionysius. 1577 wurde er durch einen neuen Markt ersetzt."
"480","464","DE","Viehmarkt am Montag nach Palmarum. Der Markt wird in einer Bestätigung des Jahrmarktrechts 1614 nicht mehr erwähnt."
"482","466","DE","Viehmarkt am Tag nach St. Matthäi. 1614 wurde er bestätigt."
"486","470","DE","Am Tage Maria Magdalene fand ein Kirchweihfest statt mit Krammarkt. Der Markt blieb nach Abbruch der Kapelle nach 1519 bestehen, ist allerdings erstmals 1653 sicher erwähnt."
"488","472","DE","Jahrmarkt am Walpurgistag"
"492","476","DE","Die Herrenmesse, ursprunglich am St. Crispin und Crispinian, wurde später auf den 1. Oktober verlegt, wahrscheinlich nach dem Eingehen des ""neuen"" Marktes spätestens 1491."
"494","478","DE","Jahrmarkt am Sonntag vor Michaelis."
"496","480","DE","Jahrmarkt zur Domweihe, der 1491, 1515 und 1535 bestätigt wurde. Laut dem Privileg von 1491 fand er vierzehn Tage vor Walpurgis statt."
"498","484","DE","Jahrmarkt am Jacobi; 1692 wird er als vierzehntägig erwähnt."
"500","486","DE","Jahrmarkt am Dienstag nach Ostern; 1692 wird er als achttägig erwähnt."
"502","488","DE","Pferdemarkt am Lätare."
"504","490","DE","Jahrmarkt am Laurentius. Später wurde hieran ein Pferdemarkt verbunden."
"506","492","DE","Jahrmarkt am Martini. Er dauerte im 16. Jh. 14 Tage."
"508","494","DE","Ein Pferdemarkt wurde 1474 eingerichtet und mit einer Kirchmesse am Petri und Pauli verbunden. 1511 wurde der Pferdemarkt auf Mittwoch vor Palmarum verlegt; die Petri- und Paulikirchmesse wurde bis 1573 weiterhin organisiert."
"510","496","DE","Der Pferdemarkt wurde 1511 auf Mittwoch vor Palmarum verschoben und dauerte eine ganze Woche."
"512","498","DE","Jahrmarkt am Donnerstag und Freitag vor Palmarum"
"514","500","DE","Der Palmarum-Jahrmarkt fand ab 1583 die ganze Woche nach Judica statt."
"516","502","DE","1559 wird ein Pfingstmarkt genannt"
"518","508","DE","Kirchweihfest am Tage nach Mariä Geburt, das schon vor der Reformation bestand, möglicherweise seit Visselhövede Weichbildprivilegien erhielt."
"520","510","DE","1542 wurde die Kirchweihe auf den Sonntag nach Mariä Geburt verlegt."
"522","512","DE","Kirchweihe am Tag der Geburt Marien, seit dem späten 16. Jh. belegt"
"524","514","DE","Jahrmarkt am Mannfasten (Invocavit), erstmals im späten 16. Jh. belegt."
"526","516","DE","Jahrmarkt am Walpurgistag."
"528","518","DE","Jahrmarkt am Sonntag vor Martini."
"530","520","DE","Dreitägiger Jahrmarkt am Mariä Geburt, der 1365 bereits bestand."
"532","522","DE","1365 erhielt Dannenberg einen weiteren Markt in der Woche nach Ostern."
"534","526","DE","Jahrmarkt in der Neustadt am 9. Mai."
"536","528","DE","Jahrmarkt in der Neustadt am 4. November"
"538","530","DE","Zwölftägiger Jahrmarkt am 14. Januar, 1584 verliehen, 1602 wieder eingestellt."
"540","532","DE","Der Frühjahrsmarkt wurde 1584 auf dem 14. April verschoben und auf zwölf Tage verlängert."
"542","534","DE","Zwölftägiger Jahrmarkt am 14. Juli, 1584 verliehen, 1602 wieder eingestellt."
"544","536","DE","Der Herbstmarkt wurde 1584 auf dem 14. November verschoben und auf zwölf Tage verlängert."
"546","538","DE","Wegen des Scheiterns des Projektes der Handelsgroßstadt Gotteslager wurde der Frühlingsjahrmarkt 1602 auf den 5. Mai verschoben und seine Dauer auf 8 Tage begrenzt."
"548","540","DE","Wegen des Scheiterns des Projektes der Handelsgroßstadt Gotteslager wurde der Herbstjahrmarkt 1602 auf den 5. November verschoben und seine Dauer auf 8 Tage begrenzt."
"550","542","DE","Jahrmarkt am Misericordias Domini."
"552","544","DE","Jahrmarkt am Sonntag nach St. Laurentii."
"554","546","DE","Jahrmarkt am 14 Tage nach Martini."
"556","548","DE","1495 verlieh Bischof Konrad IV. einen fünftägigen Jahrmarkt, vom Sonnabend vor Michaelis bis zum nächsten Mittwoch."
"558","550","DE","Vierzehn Tage vor Bartholomäus"
"560","552","DE","Acht Tage vor Bartholomäus"
"562","554","DE","1620 wird als Termin für den Domweihmarkt Quasimodogeniti genannt."
"564","556","DE","Acht Tage nach Pfingsten"
"566","558","DE","Marien Geburt"
"568","560","DE","Rückverlegung des Marktes auf den alten Termin im Herbst."
"574","566","DE","Recht durch Kaiser Maximilian am 23. April 1571 erteilt. Dritter Markt in Gelnhausen"
"590","582","DE","Himmelfahrtsmarkt in Aschersleben."
"592","584","DE","Weihnachtsmarkt in Aschersleben."
"594","586","DE","Jahrmarkt am Sonntag Oculi."
"596","588","DE","Jahrmarkt am Fest der Kreuzerhöhung (Crucis)."
"598","590","DE","14 Tage nach Pfingsten (Caland)"
"600","594","DE","Kirchweih St. Magnus, abgehalten am St. Bartholomäus. Später in den September verlegt."
"604","598","DE","St. Matthias"
"606","600","DE","Montag nach Christi Himmelfahrt"
"608","602","DE","St. Jakob"
"610","604","DE","St. Simon und Judae"
"612","606","DE","St. Michael in der Altstadt"
"614","608","DE","Bartholomäimarkt"
"618","612","DE","Jahrmarkt am Kilianstag, wanderte ggf. etwas im Termin."
"620","614","DE","Jahrmarkt am Montag nach Exaudi, auf dem Obermarkt."
"624","618","DE","Erwähnung eines Jahrmarktes auf dem Blobach"
"626","620","DE","Jahrmarkt am Tag der Erhöhung des hl. Kreuzes"
"628","622","DE","Jahrmarkt am Tag der Auffindung des hl. Kreuzes."
"630","624","DE","Messe am Peter-und-Pauls-Tag. Die Messe wurde im 11. Jahrhundert zusammen mit dem Bischofssitz von Zeitz nach Naumburg verlegt. Seit dem 16. Jahrhundert wird der Naumburger Peter-und-Pauls-Markt weitgehend dem Leipziger Jahrmarktsystem zugerechnet, was zu einer Konzentration von vier wichtigen Jahrmärkten im Leipziger Raum führte."
"632","626","DE","Erstmalig erwähnt 1278, allerdings erhalten wir zusätzliche Informationen zur Messe erst in einer Bestätigung Kaiser Maximilians 1514. Die Messe wurde darin von Gründonnerstag auf Sexagesimae verlegt, allerdings protestierte Leipzig stark. Der Jahrmarkt fand nie zu diesem Zeitpunkt statt und musste schhließlich 1667 ganz eingestellt werden. Ein weiterer Jahrmarkt an Montag nach Palmsonntag wurde von Leipzig zugelassen, allerdings ohne die ausgedehnten Privilegien, die ein überregionaler Jahrmarkt wie der Peter-Pauls-Markt mit sich brachte. Dieser ist bis heute bekannt als der Topfmarkt und wurde 1894 auf den Freitag nach Ostern verlegt."
"634","628","DE","Auf Wirken von Leipzig musste die Messe eingestellt werden. Ein weiterer Jahrmarkt an Palmsonntag wurde von Leipzig zugelassen, allerdings ohne die ausgedehnten Privilegien, die ein überregionaler Jahrmarkt wie der Peter-Pauls-Markt mit sich brachte. Er ist bis heute bekannt als der Topfmarkt und wurde 1894 auf den Freitag nach Ostern verlegt."
"638","632","DE","Nur indirekte Bestimmung des Zeitpunktes des Jahrmarktes möglich: Vermutlich zum 28. Oktober."
"640","634","DE","Am 20. Juni 1486 verlieh der Kursfürst das Recht, einen Viehmarkt zu betreiben. Es gibt jedoch keine exakten Daten zu diesem Markt."
"644","638","DE","Markt im Zusammenhang mit dem Kirchweihfest in Zeitz, zunächst dürfen nur Einheimische verkaufen, ab 1532 wird der Warenverkauf durch auswärtige Kaufleute gewährt."
"646","644","DE","Bischof Dietrich verleiht 1484 der Stadt einen Markt, der an St. Vitri beginnen und 4 Tage dauern soll."
"648","646","DE","Stiftsadministrator Herzog August gesteht der Stadt 1593 einen weiteren Markt zu, der 1601 auf den Dienstag nach Jacobi festgesetzt wird."
"650","648","DE","Jahrmarkt bei der Georgenkirche am Sonntag Lätare."
"652","650","DE","Jahrmarkt bei der Frauenkirche zu Johannis"
"654","652","DE","Jahrmarkt bei der Nikolaikirche an Matthäi."
"678","676","DE","Altenburg erringt vom Markgraf Wilhelm einen achttägigen Jahrmarkt von Sonntag Rogate bis Exaudi."
"682","680","DE","Bartholomäimarkt"
"684","682","DE","Dionysiusmarkt"
"686","684","DE","Ursulamarkt"
"688","686","DE","Viehmarkt zu Johannis Baptiste."
"690","688","DE","Viehmarkt zu Michaelis"
"692","690","DE","Viehmarkt zu Allerheiligen"
"694","692","DE","Altenburg besitzt 1437 einen Jahrmarkt am Tage Nativitatis Mariä Virginis. Es ist jedoch nicht ganz klar, ob der Jahrmarkt jedes Jahr am gleichen Tag abgehalten wurde."
"696","694","DE","Jahrmarkt während der Kreuzwoche."
"698","696","DE","Jahrmarkt am Gallustag."
"700","698","DE","Michaelismarkt, der bereits seit der Gründung der Stadt gehalten wird."
"706","704","DE","Klostermarkt oder Brüder-Kirchweih."
"708","706","DE","Jahrmarkt zu Ehren der zweiten Kirchweihe der Pfarrkirche, bis heute (?) am 2. Trinitatissonntag, 3 Wochen nach Pfingsten abgehalten."
"712","710","DE","Jahrmarkt zur Erinnerung an die Verleihung der Stadtrechte durch Kaiser Ludwig den Bayern."
"714","712","DE","Jahrmarkt zur Erinnerung an die Weihe einer Kapelle auf den Überresten der 1349 geschliffenen Synagoge."
"716","714","DE","Rossmarkt, später auf Dienstag nach Invocavit verlegt und bis ins 20. Jahrhundert als gewöhnlicher Jahrmarkt."
"1026","174","DE","Walpurgismarkt"
"1028","658","NL","De Sint Walburgis-markt staat ook bekend als de Meimarkt. Dit is de enige markt in Gelre met een, tot op zekere hoogte, supraregionale functie. Tenminste vanaf de vroege zestiende eeuw was dit voornamelijk een ossenmarkt."
"1030","660","NL","Deze markt vond plaats rond Sint Bartholomeus. Het recht op deze markt werd verleend door graaf Reinoud I van Gelre in 1316. De markt was ten minste tot en met 1543 in functie."
"1032","662","NL","Deze markt vond acht dagen voor de dag voor de naamdag van Sint Vitus en Sint Modestus plaats. De rechten voor de markt werden verleend door hertog Reinoud IV van Gelre in 1420. De creatie van deze markt en een andere markt in hetzelfde jaar was gemotiveerd door de verslechterende positie van Zutphen in het handelssysteem. In combinatie met de stapelrechten op goederen die over de Berkel van Lochem naar Zutphen werden vervoerd, had dit hertogelijke gebaar gedurende tien jaar een positief effect op de markthandel in Zutphen. (1420-)"
"1034","664","NL","Deze markt vond acht dagen voor de dag voor Allerheiligen plaats. De rechten voor de markt werden verleend door hertog Reinoud IV van Gelre in 1420. De oprichting van deze markt en een andere markt in hetzelfde jaar was gemotiveerd door de verslechterende positie van Zutphen in het handelssysteem. Gedurende tien jaar is een positief effect waarneembaar op de markthandel in Zutphen als gevolg van de instelling van deze markten en stapelrechten voor goederen die vanuit Lochem naar Zutphen vervoerd werden over de Berkel."
"1036","666","NL","Deze markt vond plaats op de dag van Sint Jansdag. Samen met drie andere markten werd het recht op deze markt aan Zutphen toegekend in 1464-1465. Er zijn geen documenten bewaard van de officiële toekenning en het is onduidelijk of de markten ooit actief zijn geweest. De markt vond tegelijk met een markt in Deventer plaats. De instelling van deze markt is waarschijnlijk gerelateerd aan een handelsoorlog tussen Deventer en steden in Holland."
"1038","668","NL","Deze markt vond plaats tijdens het feest van Sint-Jacob. Samen met drie andere markten werd het recht op deze markt aan Zutphen toegekend in 1464-1465. Er zijn geen documenten bewaard van de officiële toekenning en het is onduidelijk of de markten ooit actief zijn geweest. De markt vond tegelijk met een markt in Deventer plaats. De instelling van deze markt is waarschijnlijk gerelateerd aan een handelsoorlog tussen Deventer en steden in Holland."
"1040","670","NL","Deze markt vond plaats op de Sint Michaëlsdag. Samen met drie andere markten werd het recht op deze markt aan Zutphen toegekend in 1464-1465. Er zijn geen documenten bewaard van de officiële toekenning en het is onduidelijk of de markten ooit actief zijn geweest. De markt vond tegelijk met een markt in Zwolle plaats. De instelling van deze markt is waarschijnlijk gerelateerd aan een handelsoorlog tussen Deventer en steden in Holland."
"1042","672","NL","Deze markt vond plaats op Sint Maarten of Sint Lebuïnus. Samen met drie andere markten werd het recht op deze markt aan Zutphen toegekend in 1464-1465. Er zijn geen documenten bewaard van de officiële toekenning en het is onduidelijk of de markten ooit actief zijn geweest. De instelling van deze markt is waarschijnlijk gerelateerd aan een handelsoorlog tussen Deventer en steden in Holland."
"1044","674","NL","Deze markt vond plaats op Sint Gregorius. De markt werd toegestaan door hertog Karel van Gelre in 1522."
"1046","720","DE","1466 wird der Neujahresmarkt von Kurfürst Firedrich III. um zwei Tage verlängert, sodass er jetzt acht Tage dauerte. 1497 von Maximilian I. (zu diesem Zeitpunkt noch nicht Kaiser!) bestätigt, inklusive dreiwöchiger Geleitszusage, 1507 erweitert mit einer Bannmeile von 15 Meilen und Stapelrecht."
"1048","730","DE","Sonntag vor Mariä Himmelfahrt (""unser leven frowen wortemissen"") "
"1050","732","DE","Sonntag vor St. Martin"
"1052","734","DE","Jahrmarkt am St. Simon und Juda"
"1054","736","DE","Dreitägiger Jahrmarkt am acht Tage vor St. Viti."
"1056","738","DE","Dreitägiger Jahrmarkt am acht Tage vor St Michaeli, mit dem ein Viehmarkt verbunden war."
"1058","740","DE","Pferdemarkt am Tag der Apostelteilung"
"1060","750","DE","Achttägiger Jahrmarkt am St Vitus, der in die vorreformatorische Zeit zurückgeht. Fur den wichtigen Holzmarkt wurde der Dauer des Marktes oft bis 14 Tage verlängert. Weil das Holz über den Wasserweg angeliefert wurde, fand der Markt auf einem Gelände außerhalb der Deiche statt."
"1062","752","DE","Dreitägiger Jahrmarkt am Sonntag Cantate. 1620 wird er nicht mehr erwähnt."
"1064","754","DE","Dreitägiger Jahrmarkt am Sonntag nach St. Bartholomei. 1620 wird er nicht mehr erwähnt."
"1066","756","DE","Jahrmarkt am Sonntag nach St. Georgii"
"1068","758","DE","Jahrmarkt am Sonntag nach Trinitatis"
"1070","760","DE","Jahrmarkt am Sonntag vor Allerheiligen"
"1072","762","DE","Kram- und Holzmarkt am Dienstag vor St. Michaelis. Erstmals 1724 erwähnt, aber wahrscheinlich um 1588 eingerichtet."
"1074","764","DE","Jahrmarkt am zweiten Sonntag vor St. Michaelis"
"1076","766","DE","Jahrmarkt am Donnerstag nach Ostern. 1640 wird er als 14-tägig definiert."
"1078","770","DE","Dieser Jahrmarkt wurde an St. Vitus 1521 eingerichtet, Trotz protest von Leipzig und den Boykott durch Herzog Georg von Sachsen wurde er 1521, 1583, 1617, 1619, 1637, 1660 und 1690 abgehalten."
"1080","772","DE","Jahrmarkt am Sonntag nach Mauritii."
"1082","774","DE","Jahrmarkt an Reminiscere"
"1084","776","DE","Jahrmarkt am Sonntag nach dem Gallustag"
"1086","780","DE","1556 sollte der Vieh- und Jahrmarkt in Jüterbog von 8 Tagen vor, auf den Donnerstag nach Laurentii verschoben werden."
"1088","782","DE","1558 sprach der Rat Wurzen die Absicht aus, einen Jahrmarkt einzurichten, der vom Bischof zu Meißen genehmigt worden war. Leipzig legte jedoch Protest ein, woraufhin Kurfürst August dem Bischof von Meißen auferlegte, den Jahrmarkt wieder abzuschaffen."
"1090","788","DE","1609 gewährte Kurfürst Christian II. Wahrenbrück zwei neue Jahrmärkte, einen Tag vor dem Jahrmarkt sollte ein Viehmarkt, und einen Tag davor ein Zeugmarkt abgehalten werden."
"1092","790","DE","1609 gewährte Kurfürst Christian II. Wahrenbrück zwei neue Jahrmärkte, einen Tag vor dem Jahrmarkt sollte ein Viehmarkt, und einen Tag davor ein Zeugmarkt abgehalten werden. Dieser Markt wurde am Sonntag nach Luciae abgehalten."
"1094","792","DE","Leipzig willigte in diesen Jahrmarkt in Landsberg ein, nachdem dieses versicherte, dass dieses nicht gegen die Messeprivilegien und die Stapelgerechtigkeit Leipzigs vorgehen werde."
"1096","794","DE","Jahrmarkt am Sonntag vor Simonis und Judae"
"1098","796","DE","Jahrmarkt an Judica"
"1100","798","DE","Jahrmarkt auf der Eselstedter Wiese in Querfurt. Er verfiel während des 30-jährigen Krieges."
"1102","800","DE","Jahr-, Vieh- und Buttermarkt"
"1104","802","DE","Jahrmarkt an Misericordia Domini"
"1106","804","DE","Jahrmarkt an Matthaei"
"1108","636","DE","Der Aegidienmarkt wurde in Folge des 30-jährigen Krieges 1648 und 1686 neu bestätigt."
"1110","842","DE","Jahrmarkt am Montag nach Pfingsten, existierte bereits vor den Privilegierungen 1409."
"1112","844","DE","Jahrmarkt am Tag nach Allerheiligen, existierte bereits vor den Privilegierungen 1409."
"1114","846","DE","Veitsmarkt, existierte bereits vor den Privilegierungen 1409."
"1116","848","DE","Jahrmarkt am Mauritiustag, später bekannt als ""Feldmarkt""."
"1118","850","DE","Jahrmarkt an Maria Lichtmeß."
"1120","856","DE","Jahrmarkt in der ersten Oktoberhälfte."
"1122","858","DE","Kurfürst Johann Friedrich verleiht Belgern 1544 einen Jahrmarkt am Sonntag nach dem Antoniustag (13. Juni)."
"1124","860","DE","Pferdemarkt in Werben"
"1126","862","DE","Viehmarkt am Montag nach St. Galli."
"1128","864","DE","Viehmarkt nach Simonis und Judae."
"1134","870","DE","Jahrmarkt Petri Pauli; Ablassmarkt "
"1136","872","DE","Jahrmarkt am Sonntag nach Mariä Himmelfahrt"
"1138","874","DE","Der Jahrmarkt zu Mariä Himmelfahrt wird auf den Sonntag nach Allerheiligen verschoben, da zu Mariä Himmelfahrt die Ernte noch eingefahren wurde. "
"1140","876","DE","Die erste Erwähnung des Fastenmarktes findet sich 1487, zum Jahrmarkt wird er jedoch erst 1550 erhoben."
"1142","878","DE","Jahrmarkt Reminiscere. Die Erwähnung findet sich im Zusammenhang mit Schulferien aus der Mitte des 17. Jahrhunderts."
"1144","880","DE","Jahrmarkt am Gertrudentag."
"1146","882","DE","Jahrmarkt am Sonntag nach der Geburt Johannes des Täufers."
"1148","884","DE","Mitfastenmarkt"
"1150","886","DE","Jahrmarkt am Montag nach Invocavit"
"1152","888","DE","Jahrmarkt am Montag nach Palmarum"
"1154","890","DE","Jahrmarkt an Petri und Pauli"
"1156","892","DE","Jahrmarkt am Montag nach Michaelis"
"1158","894","DE","Jahrmarkt am Dienstag nach Trinitatis"
"1160","896","DE","1587 erwirken Stadt und Rat Tangermünde die Genehmigung, den Jahrmarkt auf Dienstag nach Jocunditatis zu verlegen."
"1162","616","DE","Jahrmarkt an Michaelis"
"1164","948","DE","Jahrmarkt am Sonntag nach Deuli (?)"
"1166","950","DE","Jahrmarkt am Sonntag nach Bartolomäus"
"1168","946","DE","Jahrmarkt am Sonntag nach Peter und Paul"
"1170","952","DE","Jahrmarkt acht Tage vor Martini."
"1172","956","DE","Jahrmarkt an Philippi und Jacobi (1. Mai)"
"1174","958","DE","Jahrmarkt am Dienstag nach Martini"
"1176","960","DE","Viehmarkt an Mariä Lichtmess"
"1178","962","DE","Jahrmarkt an Philippi und Jacobi"
"1180","964","DE","Jahrmarkt an St. Jacobi"
"1182","966","DE","Jahrmarkt an Allerheiligen"
"1184","968","DE","Der Markt soll 'droben uf dem alten Marckte' gehalten werden."
"1186","970","DE","Der Markt soll 'uf den andern Marckte' gehalten werden. Er findet am Sonntag Bartholomäi statt."
"1188","972","DE","Jahrmarkt zu Kiliani"
"1190","974","DE","Jahrmarkt zu Michaelis"
"1192","976","DE","Jahrmarkt zu Mittfasten."
"1194","982","DE","Jahrmarkt am Walpurgistag und den Tagen vorher und nachher, der 1444 der Jahrmarkt an St. Simon und Judas ersetzte."
"1196","768","DE","Bartholomäimarket, 1502 wird der Jahrmarkt von Kaiser Maximilian um 2 Tage von 3 auf 5 Tage verlängert."
"1198","984","DE","Martini-Markt"
"1200","722","DE","Jahrmarkt am Peter und Pauls-Tag"
"1202","724","DE","1582 erlaubte Herzog August von Sachsen Weißensee einen Pferde- und Jahrmarkt an Laetare und dem folgenden Montag."
"1204","726","DE","Jahrmarkt am zweiten Sonntag nach dem Margaretentag."
"1206","728","DE","Jahrmarkt am dritten Sonntag nach Galli."
"1208","986","DE","Jahrmarkt auf Margaretha, 1390 gegründet."
"1210","988","DE","Jahrmarkt am Michaelistag, 1432 gegründet."
"1212","990","DE","Jahrmarkt am Mariä Opferung, 1582 gegründet."
"1214","852","DE","Jakobimarkt am Mittwoch vor Jakobi"
"1216","778","DE","Jahrmarkt am Sonntag nach St. Margaret."
"1218","992","DE","Fastelabendmarkt, 1614 eingerichtet."
"1220","994","DE","St. Gallusmarkt, möglicherweise erst seit 1578 existierend."
"1222","996","DE","St. Georgiusmarkt, möglicherweise erst seit 1578 existierend."
"1224","998","DE","St Vitusmarkt, möglicherweise erst seit 1578 existierend."
"1226","1000","DE","Jahrmarkt am Sonntag Oculi."
"1228","922","DE","Jahrmarkt an Rogate"
"1230","924","DE","Jahrmarkt am Sonntag nach Maria Geburt"
"1232","916","DE","Jahrmarkt 14 Tage vor Martini."
"1234","914","DE","Jahrmarkt am Dienstag vor Mariä Heimsuchung."
"1236","912","DE","Jahrmarkt am Dienstag nach Judica."
"1238","954","DE","Jahrmarkt an Mariä Geburt"
"1240","1002","DE","Ochsenmarkt am letzten Donnerstag in April."
"1242","1004","DE","Ochsenmarkt am ersten Donnerstag in Mai."
"1244","1006","DE","Ochsenmarkt an St. Simon und Judas."
"1246","1008","DE","Ochsenmarkt in Wedel von Mitte März bis Mitte April."
"1248","1010","DE","Neumarkt am Montag nach Dreikönigstag, erstmals 1400 erwähnt."
"1250","1012","DE","Ochsenmarkt am St. Gallustag, der auf dem Klostergelände stattfand. Er war ein der wichtigsten Viehmärkte für Ochsen aus Jütland und Schleswig."
"1252","1014","DE","Jahrmarkt am Bürgertag (7. oder 8. September). Gleichzeitig fand ein Pferdemarkt statt."
"1254","1016","DE","Jahrmarkt am Mittwoch vor Fastnacht."
"1256","1018","DE","Jahrmarkt am Sonntag vor Reminiscere."
"1258","1020","DE","Jahrmarkt am Donnerstag vor Palmsonntag."
"1260","1022","DE","Jahrmarkt acht Tage vor St. Jacobi."
"1262","1024","DE","Frühneuzeitlicher Pferdemarkt drei Tage vor Laetare."
"1264","918","DE","Jahrmarkt am Montag nach Cantate"
"1266","920","DE","Jahrmarkt am Montag vor der Enthauptung Johannes des Täufers."
"1268","708","DE","Kirchweihfest"
"1270","700","DE","Jahrmarkt am Fabian-und-Sebastianstag."
"1272","702","DE","Jahrmarkt an Martini, um an die Kirchweihe der Martinskirche zu erinnern."
"1274","1026","DE","Jahrmarkt am Peter- und Paulstag, der mit der Königslutterer Wallfahrt in Verbindung stand."
"1276","1028","DE","Kram- und Viehmarkt am Sonntag vor St. Galli, 1621 verliehen."
"1278","1030","DE","Jahrmarkt am Himmelfahrt, 1582 nach Bremervörde verlegt."
"1280","610","DE","Erwähnung in einer Empfehlung Bischof Ottos von Bamberg, der empfiehlt, Waren auf dem Jahrmarkt von Halle zu kaufen. Weitere Erwähnungen rund 100 Jahre später als der Jahrmarkt zu Mariä Geburt (8. September)."
"1282","1032","DE","Jahrmarkt an Misericordias Domini."
"1284","1034","DE","Jahrmarkt zu Allerheiligen."
"1286","1036","DE","Jahrmarkt um Mariä Geburt"
"1288","1038","DE","Jahrmarkt um Michaelis."
"1290","1040","DE","Jahrmarkt in der Neustadt an Pfingsten"
"1292","1042","DE","Pferde- und Viehmarkt der einmal im Jahr auf dem Platz gehalten wird, der seit 1491 Pferdemarkt genannt wird. Er wird zu einem späteren Zeitpunkt eingestellt und wird erst 1715 wieder aufgenommen."
"1294","1046","DE","Jahrmarkt am zweiten Montag nach Mariä Geburt."
"1296","1056","DE","Jahrmarkt zur Kreuzerhöhung."
"1298","1054","DE","Jahrmarkt an Exaudi"
"1300","1052","DE","Jahrmarkt zu Judica"
"1302","1074","DE","1496 gewährt Markgraf Johann einen weiteren Jahrmarkt an Laetare Sonntag und den darauf folgenden Montag."
"1304","1076","DE","Im 16. Jahrhundert wurde ein Viehmarkt zu Mariä Himmelfahrt gehalten."
"1306","1078","DE","Jahrmarkt um den Walpurgistag."
"1308","1080","DE","Jahrmarkt am Kreuzerhöhungstag."
"1310","1082","DE","Jahrmarkt am Martinstag."
"1312","854","DE","Jahrmarkt an Pfingsten"
"1314","978","DE","Der 'Kieler Umschlag' wurde vor 1500 an unterschiedlichen Terminen abgehalten, davon war St. Martini einer der meist genannten."
"1316","1084","DE","Der 'Kieler Umschlag' wurde vor 1500 an unterschiedlichen Terminen abgehalten, davon war St. Michaelis einer der meist genannten."
"1318","980","DE","Neben anderen Tagen ist der Kieler Umschlag erstmals 1473 in der Dreikönigsoktave überliefert. Im 16. Jh. setzte dieser Termin sich durch als Haupttermin des Marktes."
"1320","1086","DE","Einwochiger Jahrmarkt am Sonntag Invocavit."
"1322","1088","DE","Einwochiger Jahrmarkt am Montag nach St. Petri und Pauli."
"1324","1090","DE","Einwochiger Jahrmarkt am Montag nach St. Franciscus."
"1326","1092","DE","Jahrmarkt an Bartholomäi."
"1328","934","DE","Michaelismarkt"
"1330","1094","DE","Jahrmarkt am Sonntag Invocavit."
"1332","1096","DE","Jahrmarkt am St. Jacobi."
"1334","1098","DE","Jahrmarkt am St. Martini."
"1336","1100","DE","Jahrmarkt am St. Gallus, vor dem Westerntor stattfindend. Hier wurden hauptsächlich landwirtschaftliche Produkte verhandelt."
"1338","1102","DE","Jahrmarkt am St. Johannis, 1521 durch zwei neue Märkte ersetzt."
"1340","1104","DE","Jahrmarkt am Petri Stuhlfeier."
"1342","1106","DE","Jahrmarkt am Maria Magdalena"
"1344","1108","DE","Jahrmarkt am Mariä Verkündigung"
"1346","1110","DE","Jahrmarkt am St. Nikolaus"
"1348","1112","DE","Der Michaelismarkt fand seit 1584 statt am dritten Montag nach St. Michaelis."
"1350","1114","DE","Jahrmarkt am Walpurgistag"
"1352","1116","DE","Jahrmarkt am Johannistag"
"1354","1118","DE","Jahrmarkt am Remigiustag, der nach 1559 verschwunden scheint zu sein."
"1356","1120","DE","Jahrmarkt am Bartholomäustag"
"1358","1122","DE","Jahrmarkt am St Martini"
"1360","1124","DE","Jahrmarkt am St. Martini."
"1362","1126","DE","Jahrmarkt am 9. September"
"1364","1128","DE","Der Septembermarkt wurde 1553 auf den zweiten Weihnachtstag verlegt."
"1366","1130","DE","Der Weihnachtsmarkt wurde 1574 auf das Fest der unschuldigen Kinder verlegt, weil er das Weihnachtsfest störte."
"1368","1132","DE","Jahrmarkt am Michaelistag"
"1370","1134","DE","Jahrmarkt am Donnerstag nach Sexagesima."
"1372","1136","DE","Kirmes am Sonntag nach Mariä Himmelfahrt"
"1374","1138","DE","Der ""Kalte Markt"" fand vor Weihnachten statt."
"1376","1140","DE","Jahrmarkt am St. Dionysius"
"1378","1142","DE","Jahrmarkt am Allerheiligen"
"1380","1144","DE","Jahrmarkt am St. Jacobi"
"1382","1146","DE","Dreitägiger Herbstviehmarkt am Tag vor St. Martini."
"1384","1148","DE","Pfingstmarkt, erstmals 1598 erwähnt."
"1386","1150","DE","Jahrmarkt am Fest Cosmas und Damian"
"1388","1154","DE","Jahrmarkt an Dionysii."
"1390","1156","DE","Ein weiterer Markt wurde zwischen 1635 und 1657 an Simon und Juda eingeführt."
"1392","1184","DE","Jahrmarkt am Sonntag nach dem Peter- und Paulstag."
"1394","1186","DE","Jahrmarkt am Montag nach dem Michaelistag."
"1396","1200","DE","Jahrmarkt am Montag nach dem 1. Advent."
"1398","1204","DE","Stiftsadministrator Herzog August gesteht der Stadt 1593 einen weiteren Markt zu, der 1601 auf den Dienstag nach Jacobi festgesetzt wird. "
"1400","388","NL","Jaarmarkt na de octaaf van Pasen."
"1402","388","DE","Jahrmarkt nach dem Oktav von Ostern."
"1404","390","DE","Jahrmarkt nach Mariä Geburt"
"1406","392","DE","Jahrmarkt am Dreikönigsoktav"
"1408","1206","DE","Jahrmarkt am St. Simon und Juda"
"1410","1208","DE","Jahrmarkt am Christi Himmelfahrt."
"1412","1210","DE","Der Himmelfahrtsmarkt wurde 1563/64 auf den ersten Donnerstag in der Fastenzeit verlegt."
"1414","1212","DE","Jahrmarkt am Servatiustag, erstmals 1461 erwähnt als er auf Fronleichnam verlegt wurde."
"1416","1214","DE","Jahrmarkt auf Fronleichnam."
"1418","1216","DE","Jahrmarkt am St. Matthäi, bestätigt 1521/22."
"1420","1218","DE","Jahrmarkt am Nikolaustag, 1600 genehmigt."
"1422","1220","DE","Jahrmarkt am Johannistag"
"1424","1222","DE","Jahrmarkt am St. Leonhard"
"1426","1224","DE","Jahrmarkt am Michaelistag"
"1428","1226","DE","Ein Jahrmarkt am Tag der Enthauptung Johannes des Taufers wird im Stadtrecht von 1488 bestätigt; möglicherweise bestand er bereits vor dem 15. Jh. Der Markt war mit einer Marktfreiheit von 2 Tagen vor und nach dem Heiligentag versehen."
"1430","1228","DE","Jahrmarkt am Martinstag"
"1432","1230","DE","Jahrmarkt am Petri Stuhlfeier"
"1434","1232","DE","Jahrmarkt am Pfingsten"
"1436","13","NL","Jaarmarkt op dinsdag na Pinksteren"
"1438","14","NL","Jaarmarkt op St. Remigius"
"1440","15","NL","Jaarmarkt op St. Barbara"
"1442","17","NL","Verlenging van de jaarmarkt op St. Remigius tot 16 dagen."
"1444","18","NL","Verlenging van de jaarmarkt op St. Barbara tot 16 dagen."
"1446","19","NL","Verlenging van de Pinksterjaarmarkt tot 16 dagen."
"1448","1234","DE","Kram- und Viehmarkt am Michaelistag."
"1450","11","NL","Tussen Half vasten en Palmzondag. (1312-)"
"1452","12","NL","Zondag voor St. Cornelius (1312-)"
"1454","23","NL","Zondag na Invocavit (1294-) "
"1456","24","NL","St. Albinus (1343-)"
"1458","25","NL","Zondag na St. Lambert (1343-)"
"1460","31","NL","De paardenmarkt op Oculi Sunday ontstond vóór 1456. Na Reminiscere in 1456 werd deze opgeschoven naar donderdag. De duur van deze beurs is onbekend. (1450-1455)"
"1462","32","NL","De lakenbeurs op Judicazondag ontstond vóór 1456. Het werd verschoven naar maandag na Judica in 1456. De duur van deze beurs is onbekend. (1450-1455)"
"1464","33","NL","Deze vee- en paardenmarkt werd in 1456 op verzoek van het stadsbestuur door Arnold, hertog van Gelre, aan Grave verleend. (1456-)"
"1466","34","NL","Deze vee- en paardenmarkt werd in 1456 op verzoek van het stadsbestuur door Arnold, hertog van Gelre, aan Grave verleend. (1456-)"
"1468","35","NL","In 1456 werd de Oculi-paardenbeurs verplaatst naar donderdag na Reminiscere, omdat er volgens de gemeenteraad geen handel op vastenzondagen mocht plaatsvinden. De duur van deze beurs is onbekend. (1456-)"
"1470","36","NL","In 1456 werd de Judica-lakenbeurs verplaatst naar de maandag na Judica, omdat er volgens het stadsbestuur geen handel op vastenzondagen mocht plaatsvinden. De duur van deze beurs is onbekend. (1456-)"
"1472","1236","NL","Jaarmarkt op de eerste dinsdag van september."
"1474","1170","DE","Viehmarkt am Sonntag Reminiscere"
"1476","1172","DE","Viehmarkt am Sonntag vor Fronleichnam"
"1478","1174","DE","Viehmarkt am Michaelistag"
"1480","828","NL","In 1353 schonk hertogin Eleonora (tweede vrouw van Reinoud II), Vrouwe van de Veluwe, een kermis op zondag voor Pinksteren."
"1482","830","NL","In 1353 verleende hertogin Eleonora (tweede echtgenote van Reinoud II), Vrouwe van de Veluwe, een kermis op 11.000 maagden."
"1484","818","NL","In 1297 verleende Willem I, hertog van Gelre, het recht om acht dagen na de zondag na Pasen een jaarmarkt te houden aan Elburg. (1397-)"
"1486","820","NL","In 1397 verleende Willem I, hertog van Gelre, het recht om op St. Gallus een kermis te houden, die acht dagen vóór en acht dagen na de kermisdatum zou duren. Zijn 'marktvrijheid' was gebaseerd op het voorbeeld van Arnhem. De hertog beval zijn ambtenaren om ervoor te zorgen dat acht dagen voor en drie dagen na de beurs van St. Gallus niemand zijn waren naar een markt of kermis anders mocht vervoeren dan Elburgers. Deze maatregelen moeten de kermis van Elburg beschermen tegen de veemarkt in Arnhem, die een dag na de Elburgkermis begint. (1397-)"
"1488","822","NL","Zeker vanaf 1294-95 werd er met Pinksteren een kermis gehouden. Ter gelegenheid van het opnieuw verlenen van de stadsrechten aan Harderwijk in 1312 mocht de markt maximaal veertien dagen duren. Het is zeer de vraag of deze bepaling ooit enige echte waarde heeft gehad.(1294-)"
"1490","824","NL","IN 1424 kreeg Harderwijk een tweede markt op Halfvasten. Een gemeentelijk wet verordonneerde dat de koopwaar op deze beurs tol-vrij was. (1424-)"
"1492","826","NL","Rond 1524 was er naast de twee bestaande markten, een gespecialiseerde ossenmarkt op 6 oktober. (1524-)"
"1494","832","NL","Vanaf zeker 1294-95 had Wageningen één markt op St. Jakobus. In 1312 werd de duur van deze markt vastgesteld voor acht dagen voor St. James en acht dagen na St. James. Het is zeer de vraag of deze bepaling uit 1312 werkelijk waarde heeft: deze bepalingen zijn mogelijk nooit actief geweest. (1294-)"
"1496","816","NL","In 1459 schonk Arnold, hertog van Gelre, een veemarkt aan Arnhem. De markt zou de dag voor St. Lucas gehouden worden. Deze toekenning baarde de steden Deventer, Kampen en Zwolle zorgen. (1459-)"
"1498","814","NL","In ieder geval vanaf 1294/95 werd er op Sint Maarten een markt gehouden. In 1240 wordt deze markt een paar dagen eerder genoemd op St. Willibrord (7 november). De Sint-Maartensmarkt duurde waarschijnlijk minstens drie weken. Het werd, in ieder geval aan het begin van de vijftiende eeuw, bezocht door kooplieden uit Deventer. (1294-)"
"1500","812","NL","Vanaf zeker 1294-95 werd er een markt gehouden op de Maria-Geboorte. (1294-)"
"1502","810","NL","In ieder geval vanaf 1294-95 werd er op Halfvasten een markt gehouden. In stadsverslagen van Deventer wordt rond het midden van de veertiende eeuw melding gemaakt van een kermis in Arnhem 'in festo Palmarum' of '(in) Palmis', wat zou kunnen verwijzen naar de Halfvasten-markt. Als dit waar is, duurde het minstens twee weken. Volgens Z.W. Sneller was de Arnhemse Palmzondagmarkt maar van korte duur en hield in dezelfde eeuw helemaal op te bestaan. In 1386 wordt het nog steeds genoemd. (1294-)"
"1504","742","NL","In ieder geval sinds 1294-95 tot zeker 1543 vond er op Sint-Gallusdag (16 oktober) een markt plaats. (1294-)"
"1506","744","NL","In 1340 wordt er een markt verleend door Reinoud I, graaf van Gelre en Zutphen. Het duurt acht dagen vanaf woensdag vóór St. Margaret's Day. In 1496 verleent Karel, hertog van Gelre, toestemming aan de stadsmagistraat van Doesburg om de markt te verschuiven naar 21 april (Sint-Jorisdag). Mogelijk had dit te maken met een markt die in 1364-65 aan Zutphen werd toegekend, die ook in juli plaatsvond. (1340-1495)"
"1508","746","NL","In 1340 wordt een markt uitgereikt door Reinoud I, graaf van Gelre en Zutphen. Het duurt acht dagen vanaf woensdag vóór St. Margrietdag. In 1496 verleent Karel, hertog van Gelre, toestemming aan de stadsmagistraat van Doesburg om de markt te verleent naar 21 april (Sint-Jorisdag). Mogelijk had dit te maken met een markt die in 1364/65 aan Zutphen werd toegekend, die ook in juli plaatsvond. (1496-)"
"1510","748","NL","Doetinchem had in ieder geval sinds 1294/95 een markt op Sint-Catharinadag (25 november). De duur van deze markt is onbekend. (1294-)"
"1512","30","NL","Elst had minstens vanaf 1294-95 een markt, op de dag van Maria-Tenhemelopneming. In ieder geval in de zestiende eeuw was dit een tweedaagse paardenbeurs. In 1521 vond de markt niet plaats vanwege oorlog. (1294-)"
"1514","37","NL","De kermis op St. Walburga ontstond vóór 1294-95. In de 16e eeuw werd het uitgebreid met een ossenmarkt (naast de andere ossenmarkt op St. Victor). De duur van deze beurs is onbekend. (1294-)"
"1516","38","NL","De markt op Sint-Michielsdag ontstond vóór 1294-1295. De duur van de markt is niet bekend. (1294-) ("
"1518","39","NL","De ossenmarkt op St. Victor werd in de zestiende eeuw ingesteld. De duur van de markt is niet bekend. (1500-)"
"1520","40","NL","Deze paardenmarkt was een van de twee paardenmarkten die tijdens de Gelderse Oorlogen werden ingesteld door Willem II, hertog van Gelre (Willem V van Jülich, Kleef en Berg). Het bestond slechts drie jaar, tussen 1540 en 1543. (1540-1543)"
"1522","41","NL","Deze paardenmarkt was een van de twee paardenmarkt die tijdens de Gelderse Oorlogen werden ingesteld door Willem II, hertog van Gelre (Willem V van Jülich, Kleef en Berg). Het bestond slechts drie jaar, tussen 1540 en 1543. (1540-1543)"
"1524","42","NL","Deze paardenmarkt begon acht dagen voor St. Jacobus. Vier dagen eerder begint de markt goed. (1447-)"
"1526","43","NL","Deze stoffenbeurs op St. Jacobusdag duurde drie dagen. De markt duurde een dag langer. Het is in een onbekend jaar verplaatst naar St. Petrus' Stoel. (1447-)"
"1528","44","NL","Dag voor St. Victor. (1447-)"
"1530","45","NL","Deze driedaagse lakenmarkt begon op de acht dag na St. Victordag. De markt duurde een dag langer. (1447-)"
"1532","47","NL","De Pinkstermarkt, die voor het eerst werd genoemd in 1294, werd verschoven naar de dag voor Pinksteren in 1316. In totaal werden er 14 dagen marktrechten per markt toegekend. (1294-)"
"1534","49","NL","De St. Michaelsmarkt, werd voor het eerst genoemd in 1294, en werd waarschijnlijk verschoven naar de dag vóór St. Mauritius in 1315-16. Per markt werden in totaal 14 dagen marktrechten toegekend. (1294-)"
"1536","50","NL","In 1492 verleende Karel van Egmond, hertog van Gelre toestemming voor de paarden- en veemarkt op de dinsdag naar Halfvasten. De bijbehorende vrijgeleide was geldig van vier dagen ervoor tot vier dagen na de marktdag. (1492-)"
"1538","51","NL","De paarden- en veemarkt op de dag na St. Lucas werd in 1492 door Karel van Egmond, hertog van Gelre, aan Zaltbommel geschonken. De daarbij behorende vrijgeleide was geldig van vier dagen ervoor tot vier dagen na de marktdag. (1492-)"
"1540","26","NL","St. Petrus (paardenmarkt), in en enige tijd vóór 1464 gehouden op 25 of 26 juni. (1450-1464)"
"1542","808","NL","St. Petrus (paardenmarkt), in en enige tijd vóór 1464 gehouden op 25 of 26 juni. (1465-)"
"1544","28","NL","De markt op zondag na Pasen was al ruim voor 1395 georganiseerd, toen aan Buren stadsrechten werden toegekend. (1395-)"
"1546","29","NL","De markt op de St. Lambertus bestond al ruim voor 1395, toen aan Buren stadsrechten werden toegekend. (1395-)"

